dose,litter,nadv,malf,dead,litter_size,trinomial,dose_scale
1000,1,0,0,1,1,3,0.666666667
1000,2,0,0,1,4,3,0.666666667
1000,2,0,0,1,4,3,0.666666667
1000,2,0,0,1,4,3,0.666666667
1000,2,0,0,1,4,3,0.666666667
1500,3,0,1,0,13,2,1
1500,3,0,1,0,13,2,1
1500,3,0,1,0,13,2,1
1500,3,0,1,0,13,2,1
1500,3,0,1,0,13,2,1
1500,3,0,1,0,13,2,1
1500,3,0,1,0,13,2,1
1500,3,0,1,0,13,2,1
1500,3,0,1,0,13,2,1
1500,3,0,0,1,13,3,1
1500,3,0,0,1,13,3,1
1500,3,0,0,1,13,3,1
1500,3,0,0,1,13,3,1
1000,4,0,0,1,6,3,0.666666667
1000,4,0,0,1,6,3,0.666666667
1000,4,0,0,1,6,3,0.666666667
1000,4,0,0,1,6,3,0.666666667
1000,4,0,0,1,6,3,0.666666667
1000,4,0,0,1,6,3,0.666666667
1000,5,0,0,1,6,3,0.666666667
1000,5,0,0,1,6,3,0.666666667
1000,5,0,0,1,6,3,0.666666667
1000,5,0,0,1,6,3,0.666666667
1000,5,0,0,1,6,3,0.666666667
1000,5,0,0,1,6,3,0.666666667
1500,6,0,1,0,12,2,1
1500,6,0,1,0,12,2,1
1500,6,0,1,0,12,2,1
1500,6,0,1,0,12,2,1
1500,6,0,1,0,12,2,1
1500,6,0,1,0,12,2,1
1500,6,0,0,1,12,3,1
1500,6,0,0,1,12,3,1
1500,6,0,0,1,12,3,1
1500,6,0,0,1,12,3,1
1500,6,0,0,1,12,3,1
1500,6,0,0,1,12,3,1
1500,7,0,1,0,11,2,1
1500,7,0,1,0,11,2,1
1500,7,0,1,0,11,2,1
1500,7,0,1,0,11,2,1
1500,7,0,0,1,11,3,1
1500,7,0,0,1,11,3,1
1500,7,0,0,1,11,3,1
1500,7,0,0,1,11,3,1
1500,7,0,0,1,11,3,1
1500,7,0,0,1,11,3,1
1500,7,0,0,1,11,3,1
1500,8,0,0,1,9,3,1
1500,8,0,0,1,9,3,1
1500,8,0,0,1,9,3,1
1500,8,0,0,1,9,3,1
1500,8,0,0,1,9,3,1
1500,8,0,0,1,9,3,1
1500,8,0,0,1,9,3,1
1500,8,0,0,1,9,3,1
1500,8,0,0,1,9,3,1
1500,9,0,1,0,14,2,1
1500,9,0,1,0,14,2,1
1500,9,0,1,0,14,2,1
1500,9,0,1,0,14,2,1
1500,9,0,1,0,14,2,1
1500,9,0,0,1,14,3,1
1500,9,0,0,1,14,3,1
1500,9,0,0,1,14,3,1
1500,9,0,0,1,14,3,1
1500,9,0,0,1,14,3,1
1500,9,0,0,1,14,3,1
1500,9,0,0,1,14,3,1
1500,9,0,0,1,14,3,1
1500,9,0,0,1,14,3,1
1500,10,0,1,0,14,2,1
1500,10,0,1,0,14,2,1
1500,10,0,1,0,14,2,1
1500,10,0,1,0,14,2,1
1500,10,0,1,0,14,2,1
1500,10,0,0,1,14,3,1
1500,10,0,0,1,14,3,1
1500,10,0,0,1,14,3,1
1500,10,0,0,1,14,3,1
1500,10,0,0,1,14,3,1
1500,10,0,0,1,14,3,1
1500,10,0,0,1,14,3,1
1500,10,0,0,1,14,3,1
1500,10,0,0,1,14,3,1
1500,11,0,1,0,14,2,1
1500,11,0,1,0,14,2,1
1500,11,0,1,0,14,2,1
1500,11,0,1,0,14,2,1
1500,11,0,1,0,14,2,1
1500,11,0,0,1,14,3,1
1500,11,0,0,1,14,3,1
1500,11,0,0,1,14,3,1
1500,11,0,0,1,14,3,1
1500,11,0,0,1,14,3,1
1500,11,0,0,1,14,3,1
1500,11,0,0,1,14,3,1
1500,11,0,0,1,14,3,1
1500,11,0,0,1,14,3,1
1500,12,0,1,0,14,2,1
1500,12,0,1,0,14,2,1
1500,12,0,1,0,14,2,1
1500,12,0,1,0,14,2,1
1500,12,0,1,0,14,2,1
1500,12,0,0,1,14,3,1
1500,12,0,0,1,14,3,1
1500,12,0,0,1,14,3,1
1500,12,0,0,1,14,3,1
1500,12,0,0,1,14,3,1
1500,12,0,0,1,14,3,1
1500,12,0,0,1,14,3,1
1500,12,0,0,1,14,3,1
1500,12,0,0,1,14,3,1
1500,13,0,1,0,14,2,1
1500,13,0,1,0,14,2,1
1500,13,0,1,0,14,2,1
1500,13,0,1,0,14,2,1
1500,13,0,1,0,14,2,1
1500,13,0,0,1,14,3,1
1500,13,0,0,1,14,3,1
1500,13,0,0,1,14,3,1
1500,13,0,0,1,14,3,1
1500,13,0,0,1,14,3,1
1500,13,0,0,1,14,3,1
1500,13,0,0,1,14,3,1
1500,13,0,0,1,14,3,1
1500,13,0,0,1,14,3,1
1000,14,0,1,0,15,2,0.666666667
1000,14,0,1,0,15,2,0.666666667
1000,14,0,1,0,15,2,0.666666667
1000,14,0,1,0,15,2,0.666666667
1000,14,0,1,0,15,2,0.666666667
1000,14,0,1,0,15,2,0.666666667
1000,14,0,0,1,15,3,0.666666667
1000,14,0,0,1,15,3,0.666666667
1000,14,0,0,1,15,3,0.666666667
1000,14,0,0,1,15,3,0.666666667
1000,14,0,0,1,15,3,0.666666667
1000,14,0,0,1,15,3,0.666666667
1000,14,0,0,1,15,3,0.666666667
1000,14,0,0,1,15,3,0.666666667
1000,14,0,0,1,15,3,0.666666667
1000,15,0,1,0,15,2,0.666666667
1000,15,0,1,0,15,2,0.666666667
1000,15,0,1,0,15,2,0.666666667
1000,15,0,1,0,15,2,0.666666667
1000,15,0,1,0,15,2,0.666666667
1000,15,0,1,0,15,2,0.666666667
1000,15,0,0,1,15,3,0.666666667
1000,15,0,0,1,15,3,0.666666667
1000,15,0,0,1,15,3,0.666666667
1000,15,0,0,1,15,3,0.666666667
1000,15,0,0,1,15,3,0.666666667
1000,15,0,0,1,15,3,0.666666667
1000,15,0,0,1,15,3,0.666666667
1000,15,0,0,1,15,3,0.666666667
1000,15,0,0,1,15,3,0.666666667
1000,16,0,0,1,10,3,0.666666667
1000,16,0,0,1,10,3,0.666666667
1000,16,0,0,1,10,3,0.666666667
1000,16,0,0,1,10,3,0.666666667
1000,16,0,0,1,10,3,0.666666667
1000,16,0,0,1,10,3,0.666666667
1000,16,0,0,1,10,3,0.666666667
1000,16,0,0,1,10,3,0.666666667
1000,16,0,0,1,10,3,0.666666667
1000,16,0,0,1,10,3,0.666666667
1000,17,0,0,1,10,3,0.666666667
1000,17,0,0,1,10,3,0.666666667
1000,17,0,0,1,10,3,0.666666667
1000,17,0,0,1,10,3,0.666666667
1000,17,0,0,1,10,3,0.666666667
1000,17,0,0,1,10,3,0.666666667
1000,17,0,0,1,10,3,0.666666667
1000,17,0,0,1,10,3,0.666666667
1000,17,0,0,1,10,3,0.666666667
1000,17,0,0,1,10,3,0.666666667
1000,18,0,0,1,10,3,0.666666667
1000,18,0,0,1,10,3,0.666666667
1000,18,0,0,1,10,3,0.666666667
1000,18,0,0,1,10,3,0.666666667
1000,18,0,0,1,10,3,0.666666667
1000,18,0,0,1,10,3,0.666666667
1000,18,0,0,1,10,3,0.666666667
1000,18,0,0,1,10,3,0.666666667
1000,18,0,0,1,10,3,0.666666667
1000,18,0,0,1,10,3,0.666666667
1000,19,0,0,1,10,3,0.666666667
1000,19,0,0,1,10,3,0.666666667
1000,19,0,0,1,10,3,0.666666667
1000,19,0,0,1,10,3,0.666666667
1000,19,0,0,1,10,3,0.666666667
1000,19,0,0,1,10,3,0.666666667
1000,19,0,0,1,10,3,0.666666667
1000,19,0,0,1,10,3,0.666666667
1000,19,0,0,1,10,3,0.666666667
1000,19,0,0,1,10,3,0.666666667
1500,20,0,0,1,10,3,1
1500,20,0,0,1,10,3,1
1500,20,0,0,1,10,3,1
1500,20,0,0,1,10,3,1
1500,20,0,0,1,10,3,1
1500,20,0,0,1,10,3,1
1500,20,0,0,1,10,3,1
1500,20,0,0,1,10,3,1
1500,20,0,0,1,10,3,1
1500,20,0,0,1,10,3,1
1500,21,0,0,1,10,3,1
1500,21,0,0,1,10,3,1
1500,21,0,0,1,10,3,1
1500,21,0,0,1,10,3,1
1500,21,0,0,1,10,3,1
1500,21,0,0,1,10,3,1
1500,21,0,0,1,10,3,1
1500,21,0,0,1,10,3,1
1500,21,0,0,1,10,3,1
1500,21,0,0,1,10,3,1
1000,22,0,1,0,12,2,0.666666667
1000,22,0,1,0,12,2,0.666666667
1000,22,0,0,1,12,3,0.666666667
1000,22,0,0,1,12,3,0.666666667
1000,22,0,0,1,12,3,0.666666667
1000,22,0,0,1,12,3,0.666666667
1000,22,0,0,1,12,3,0.666666667
1000,22,0,0,1,12,3,0.666666667
1000,22,0,0,1,12,3,0.666666667
1000,22,0,0,1,12,3,0.666666667
1000,22,0,0,1,12,3,0.666666667
1000,22,0,0,1,12,3,0.666666667
1500,23,0,1,0,12,2,1
1500,23,0,1,0,12,2,1
1500,23,0,0,1,12,3,1
1500,23,0,0,1,12,3,1
1500,23,0,0,1,12,3,1
1500,23,0,0,1,12,3,1
1500,23,0,0,1,12,3,1
1500,23,0,0,1,12,3,1
1500,23,0,0,1,12,3,1
1500,23,0,0,1,12,3,1
1500,23,0,0,1,12,3,1
1500,23,0,0,1,12,3,1
1500,24,0,0,1,11,3,1
1500,24,0,0,1,11,3,1
1500,24,0,0,1,11,3,1
1500,24,0,0,1,11,3,1
1500,24,0,0,1,11,3,1
1500,24,0,0,1,11,3,1
1500,24,0,0,1,11,3,1
1500,24,0,0,1,11,3,1
1500,24,0,0,1,11,3,1
1500,24,0,0,1,11,3,1
1500,24,0,0,1,11,3,1
1500,25,0,0,1,11,3,1
1500,25,0,0,1,11,3,1
1500,25,0,0,1,11,3,1
1500,25,0,0,1,11,3,1
1500,25,0,0,1,11,3,1
1500,25,0,0,1,11,3,1
1500,25,0,0,1,11,3,1
1500,25,0,0,1,11,3,1
1500,25,0,0,1,11,3,1
1500,25,0,0,1,11,3,1
1500,25,0,0,1,11,3,1
1500,26,0,0,1,11,3,1
1500,26,0,0,1,11,3,1
1500,26,0,0,1,11,3,1
1500,26,0,0,1,11,3,1
1500,26,0,0,1,11,3,1
1500,26,0,0,1,11,3,1
1500,26,0,0,1,11,3,1
1500,26,0,0,1,11,3,1
1500,26,0,0,1,11,3,1
1500,26,0,0,1,11,3,1
1500,26,0,0,1,11,3,1
1000,27,0,0,1,12,3,0.666666667
1000,27,0,0,1,12,3,0.666666667
1000,27,0,0,1,12,3,0.666666667
1000,27,0,0,1,12,3,0.666666667
1000,27,0,0,1,12,3,0.666666667
1000,27,0,0,1,12,3,0.666666667
1000,27,0,0,1,12,3,0.666666667
1000,27,0,0,1,12,3,0.666666667
1000,27,0,0,1,12,3,0.666666667
1000,27,0,0,1,12,3,0.666666667
1000,27,0,0,1,12,3,0.666666667
1000,27,0,0,1,12,3,0.666666667
1000,28,0,0,1,12,3,0.666666667
1000,28,0,0,1,12,3,0.666666667
1000,28,0,0,1,12,3,0.666666667
1000,28,0,0,1,12,3,0.666666667
1000,28,0,0,1,12,3,0.666666667
1000,28,0,0,1,12,3,0.666666667
1000,28,0,0,1,12,3,0.666666667
1000,28,0,0,1,12,3,0.666666667
1000,28,0,0,1,12,3,0.666666667
1000,28,0,0,1,12,3,0.666666667
1000,28,0,0,1,12,3,0.666666667
1000,28,0,0,1,12,3,0.666666667
1500,29,0,0,1,12,3,1
1500,29,0,0,1,12,3,1
1500,29,0,0,1,12,3,1
1500,29,0,0,1,12,3,1
1500,29,0,0,1,12,3,1
1500,29,0,0,1,12,3,1
1500,29,0,0,1,12,3,1
1500,29,0,0,1,12,3,1
1500,29,0,0,1,12,3,1
1500,29,0,0,1,12,3,1
1500,29,0,0,1,12,3,1
1500,29,0,0,1,12,3,1
1500,30,0,0,1,12,3,1
1500,30,0,0,1,12,3,1
1500,30,0,0,1,12,3,1
1500,30,0,0,1,12,3,1
1500,30,0,0,1,12,3,1
1500,30,0,0,1,12,3,1
1500,30,0,0,1,12,3,1
1500,30,0,0,1,12,3,1
1500,30,0,0,1,12,3,1
1500,30,0,0,1,12,3,1
1500,30,0,0,1,12,3,1
1500,30,0,0,1,12,3,1
1500,31,0,0,1,12,3,1
1500,31,0,0,1,12,3,1
1500,31,0,0,1,12,3,1
1500,31,0,0,1,12,3,1
1500,31,0,0,1,12,3,1
1500,31,0,0,1,12,3,1
1500,31,0,0,1,12,3,1
1500,31,0,0,1,12,3,1
1500,31,0,0,1,12,3,1
1500,31,0,0,1,12,3,1
1500,31,0,0,1,12,3,1
1500,31,0,0,1,12,3,1
1500,32,0,0,1,12,3,1
1500,32,0,0,1,12,3,1
1500,32,0,0,1,12,3,1
1500,32,0,0,1,12,3,1
1500,32,0,0,1,12,3,1
1500,32,0,0,1,12,3,1
1500,32,0,0,1,12,3,1
1500,32,0,0,1,12,3,1
1500,32,0,0,1,12,3,1
1500,32,0,0,1,12,3,1
1500,32,0,0,1,12,3,1
1500,32,0,0,1,12,3,1
1500,33,0,0,1,12,3,1
1500,33,0,0,1,12,3,1
1500,33,0,0,1,12,3,1
1500,33,0,0,1,12,3,1
1500,33,0,0,1,12,3,1
1500,33,0,0,1,12,3,1
1500,33,0,0,1,12,3,1
1500,33,0,0,1,12,3,1
1500,33,0,0,1,12,3,1
1500,33,0,0,1,12,3,1
1500,33,0,0,1,12,3,1
1500,33,0,0,1,12,3,1
1500,34,0,0,1,13,3,1
1500,34,0,0,1,13,3,1
1500,34,0,0,1,13,3,1
1500,34,0,0,1,13,3,1
1500,34,0,0,1,13,3,1
1500,34,0,0,1,13,3,1
1500,34,0,0,1,13,3,1
1500,34,0,0,1,13,3,1
1500,34,0,0,1,13,3,1
1500,34,0,0,1,13,3,1
1500,34,0,0,1,13,3,1
1500,34,0,0,1,13,3,1
1500,34,0,0,1,13,3,1
1500,35,0,0,1,13,3,1
1500,35,0,0,1,13,3,1
1500,35,0,0,1,13,3,1
1500,35,0,0,1,13,3,1
1500,35,0,0,1,13,3,1
1500,35,0,0,1,13,3,1
1500,35,0,0,1,13,3,1
1500,35,0,0,1,13,3,1
1500,35,0,0,1,13,3,1
1500,35,0,0,1,13,3,1
1500,35,0,0,1,13,3,1
1500,35,0,0,1,13,3,1
1500,35,0,0,1,13,3,1
1500,36,0,0,1,13,3,1
1500,36,0,0,1,13,3,1
1500,36,0,0,1,13,3,1
1500,36,0,0,1,13,3,1
1500,36,0,0,1,13,3,1
1500,36,0,0,1,13,3,1
1500,36,0,0,1,13,3,1
1500,36,0,0,1,13,3,1
1500,36,0,0,1,13,3,1
1500,36,0,0,1,13,3,1
1500,36,0,0,1,13,3,1
1500,36,0,0,1,13,3,1
1500,36,0,0,1,13,3,1
1500,37,0,0,1,13,3,1
1500,37,0,0,1,13,3,1
1500,37,0,0,1,13,3,1
1500,37,0,0,1,13,3,1
1500,37,0,0,1,13,3,1
1500,37,0,0,1,13,3,1
1500,37,0,0,1,13,3,1
1500,37,0,0,1,13,3,1
1500,37,0,0,1,13,3,1
1500,37,0,0,1,13,3,1
1500,37,0,0,1,13,3,1
1500,37,0,0,1,13,3,1
1500,37,0,0,1,13,3,1
1500,38,0,1,0,17,2,1
1500,38,0,1,0,17,2,1
1500,38,0,1,0,17,2,1
1500,38,0,1,0,17,2,1
1500,38,0,0,1,17,3,1
1500,38,0,0,1,17,3,1
1500,38,0,0,1,17,3,1
1500,38,0,0,1,17,3,1
1500,38,0,0,1,17,3,1
1500,38,0,0,1,17,3,1
1500,38,0,0,1,17,3,1
1500,38,0,0,1,17,3,1
1500,38,0,0,1,17,3,1
1500,38,0,0,1,17,3,1
1500,38,0,0,1,17,3,1
1500,38,0,0,1,17,3,1
1500,38,0,0,1,17,3,1
1500,39,0,0,1,14,3,1
1500,39,0,0,1,14,3,1
1500,39,0,0,1,14,3,1
1500,39,0,0,1,14,3,1
1500,39,0,0,1,14,3,1
1500,39,0,0,1,14,3,1
1500,39,0,0,1,14,3,1
1500,39,0,0,1,14,3,1
1500,39,0,0,1,14,3,1
1500,39,0,0,1,14,3,1
1500,39,0,0,1,14,3,1
1500,39,0,0,1,14,3,1
1500,39,0,0,1,14,3,1
1500,39,0,0,1,14,3,1
1500,40,0,1,0,13,2,1
1500,40,0,1,0,13,2,1
1500,40,0,1,0,13,2,1
1500,40,0,1,0,13,2,1
1500,40,0,0,1,13,3,1
1500,40,0,0,1,13,3,1
1500,40,0,0,1,13,3,1
1500,40,0,0,1,13,3,1
1500,40,0,0,1,13,3,1
1500,40,0,0,1,13,3,1
1500,40,0,0,1,13,3,1
1500,40,0,0,1,13,3,1
1500,40,1,0,0,13,1,1
1500,41,0,1,0,13,2,1
1500,41,0,1,0,13,2,1
1500,41,0,1,0,13,2,1
1500,41,0,1,0,13,2,1
1500,41,0,0,1,13,3,1
1500,41,0,0,1,13,3,1
1500,41,0,0,1,13,3,1
1500,41,0,0,1,13,3,1
1500,41,0,0,1,13,3,1
1500,41,0,0,1,13,3,1
1500,41,0,0,1,13,3,1
1500,41,0,0,1,13,3,1
1500,41,1,0,0,13,1,1
1000,42,0,1,0,13,2,0.666666667
1000,42,0,1,0,13,2,0.666666667
1000,42,0,1,0,13,2,0.666666667
1000,42,0,0,1,13,3,0.666666667
1000,42,0,0,1,13,3,0.666666667
1000,42,0,0,1,13,3,0.666666667
1000,42,0,0,1,13,3,0.666666667
1000,42,0,0,1,13,3,0.666666667
1000,42,0,0,1,13,3,0.666666667
1000,42,0,0,1,13,3,0.666666667
1000,42,0,0,1,13,3,0.666666667
1000,42,0,0,1,13,3,0.666666667
1000,42,1,0,0,13,1,0.666666667
1000,43,0,1,0,18,2,0.666666667
1000,43,0,0,1,18,3,0.666666667
1000,43,0,0,1,18,3,0.666666667
1000,43,0,0,1,18,3,0.666666667
1000,43,0,0,1,18,3,0.666666667
1000,43,0,0,1,18,3,0.666666667
1000,43,0,0,1,18,3,0.666666667
1000,43,0,0,1,18,3,0.666666667
1000,43,0,0,1,18,3,0.666666667
1000,43,0,0,1,18,3,0.666666667
1000,43,0,0,1,18,3,0.666666667
1000,43,0,0,1,18,3,0.666666667
1000,43,0,0,1,18,3,0.666666667
1000,43,0,0,1,18,3,0.666666667
1000,43,0,0,1,18,3,0.666666667
1000,43,0,0,1,18,3,0.666666667
1000,43,0,0,1,18,3,0.666666667
1000,43,1,0,0,18,1,0.666666667
1000,44,0,1,0,11,2,0.666666667
1000,44,0,1,0,11,2,0.666666667
1000,44,0,1,0,11,2,0.666666667
1000,44,0,1,0,11,2,0.666666667
1000,44,0,1,0,11,2,0.666666667
1000,44,0,1,0,11,2,0.666666667
1000,44,0,0,1,11,3,0.666666667
1000,44,0,0,1,11,3,0.666666667
1000,44,0,0,1,11,3,0.666666667
1000,44,1,0,0,11,1,0.666666667
1000,44,1,0,0,11,1,0.666666667
1000,45,0,1,0,12,2,0.666666667
1000,45,0,1,0,12,2,0.666666667
1000,45,0,1,0,12,2,0.666666667
1000,45,0,0,1,12,3,0.666666667
1000,45,0,0,1,12,3,0.666666667
1000,45,0,0,1,12,3,0.666666667
1000,45,0,0,1,12,3,0.666666667
1000,45,0,0,1,12,3,0.666666667
1000,45,0,0,1,12,3,0.666666667
1000,45,0,0,1,12,3,0.666666667
1000,45,1,0,0,12,1,0.666666667
1000,45,1,0,0,12,1,0.666666667
0,46,0,0,1,8,3,0
0,46,0,0,1,8,3,0
0,46,0,0,1,8,3,0
0,46,0,0,1,8,3,0
0,46,0,0,1,8,3,0
0,46,1,0,0,8,1,0
0,46,1,0,0,8,1,0
0,46,1,0,0,8,1,0
0,47,0,0,1,8,3,0
0,47,0,0,1,8,3,0
0,47,0,0,1,8,3,0
0,47,0,0,1,8,3,0
0,47,0,0,1,8,3,0
0,47,1,0,0,8,1,0
0,47,1,0,0,8,1,0
0,47,1,0,0,8,1,0
0,48,0,0,1,8,3,0
0,48,0,0,1,8,3,0
0,48,0,0,1,8,3,0
0,48,0,0,1,8,3,0
0,48,0,0,1,8,3,0
0,48,1,0,0,8,1,0
0,48,1,0,0,8,1,0
0,48,1,0,0,8,1,0
1000,49,0,1,0,11,2,0.666666667
1000,49,0,1,0,11,2,0.666666667
1000,49,0,1,0,11,2,0.666666667
1000,49,0,1,0,11,2,0.666666667
1000,49,0,0,1,11,3,0.666666667
1000,49,0,0,1,11,3,0.666666667
1000,49,1,0,0,11,1,0.666666667
1000,49,1,0,0,11,1,0.666666667
1000,49,1,0,0,11,1,0.666666667
1000,49,1,0,0,11,1,0.666666667
1000,49,1,0,0,11,1,0.666666667
500,50,0,1,0,14,2,0.333333333
500,50,0,1,0,14,2,0.333333333
500,50,0,1,0,14,2,0.333333333
500,50,0,1,0,14,2,0.333333333
500,50,0,1,0,14,2,0.333333333
500,50,0,1,0,14,2,0.333333333
500,50,0,0,1,14,3,0.333333333
500,50,0,0,1,14,3,0.333333333
500,50,0,0,1,14,3,0.333333333
500,50,1,0,0,14,1,0.333333333
500,50,1,0,0,14,1,0.333333333
500,50,1,0,0,14,1,0.333333333
500,50,1,0,0,14,1,0.333333333
500,50,1,0,0,14,1,0.333333333
500,51,0,1,0,14,2,0.333333333
500,51,0,1,0,14,2,0.333333333
500,51,0,1,0,14,2,0.333333333
500,51,0,1,0,14,2,0.333333333
500,51,0,1,0,14,2,0.333333333
500,51,0,1,0,14,2,0.333333333
500,51,0,0,1,14,3,0.333333333
500,51,0,0,1,14,3,0.333333333
500,51,0,0,1,14,3,0.333333333
500,51,1,0,0,14,1,0.333333333
500,51,1,0,0,14,1,0.333333333
500,51,1,0,0,14,1,0.333333333
500,51,1,0,0,14,1,0.333333333
500,51,1,0,0,14,1,0.333333333
1500,52,0,1,0,13,2,1
1500,52,0,1,0,13,2,1
1500,52,0,1,0,13,2,1
1500,52,0,1,0,13,2,1
1500,52,0,0,1,13,3,1
1500,52,0,0,1,13,3,1
1500,52,0,0,1,13,3,1
1500,52,0,0,1,13,3,1
1500,52,1,0,0,13,1,1
1500,52,1,0,0,13,1,1
1500,52,1,0,0,13,1,1
1500,52,1,0,0,13,1,1
1500,52,1,0,0,13,1,1
1500,53,0,1,0,13,2,1
1500,53,0,1,0,13,2,1
1500,53,0,1,0,13,2,1
1500,53,0,1,0,13,2,1
1500,53,0,0,1,13,3,1
1500,53,0,0,1,13,3,1
1500,53,0,0,1,13,3,1
1500,53,0,0,1,13,3,1
1500,53,1,0,0,13,1,1
1500,53,1,0,0,13,1,1
1500,53,1,0,0,13,1,1
1500,53,1,0,0,13,1,1
1500,53,1,0,0,13,1,1
500,54,0,1,0,14,2,0.333333333
500,54,0,1,0,14,2,0.333333333
500,54,0,1,0,14,2,0.333333333
500,54,0,1,0,14,2,0.333333333
500,54,0,1,0,14,2,0.333333333
500,54,0,0,1,14,3,0.333333333
500,54,0,0,1,14,3,0.333333333
500,54,0,0,1,14,3,0.333333333
500,54,1,0,0,14,1,0.333333333
500,54,1,0,0,14,1,0.333333333
500,54,1,0,0,14,1,0.333333333
500,54,1,0,0,14,1,0.333333333
500,54,1,0,0,14,1,0.333333333
500,54,1,0,0,14,1,0.333333333
500,55,0,1,0,11,2,0.333333333
500,55,0,0,1,11,3,0.333333333
500,55,0,0,1,11,3,0.333333333
500,55,0,0,1,11,3,0.333333333
500,55,0,0,1,11,3,0.333333333
500,55,1,0,0,11,1,0.333333333
500,55,1,0,0,11,1,0.333333333
500,55,1,0,0,11,1,0.333333333
500,55,1,0,0,11,1,0.333333333
500,55,1,0,0,11,1,0.333333333
500,55,1,0,0,11,1,0.333333333
500,56,0,1,0,11,2,0.333333333
500,56,0,0,1,11,3,0.333333333
500,56,0,0,1,11,3,0.333333333
500,56,0,0,1,11,3,0.333333333
500,56,0,0,1,11,3,0.333333333
500,56,1,0,0,11,1,0.333333333
500,56,1,0,0,11,1,0.333333333
500,56,1,0,0,11,1,0.333333333
500,56,1,0,0,11,1,0.333333333
500,56,1,0,0,11,1,0.333333333
500,56,1,0,0,11,1,0.333333333
0,57,0,0,1,16,3,0
0,57,0,0,1,16,3,0
0,57,0,0,1,16,3,0
0,57,0,0,1,16,3,0
0,57,0,0,1,16,3,0
0,57,0,0,1,16,3,0
0,57,0,0,1,16,3,0
0,57,0,0,1,16,3,0
0,57,0,0,1,16,3,0
0,57,0,0,1,16,3,0
0,57,1,0,0,16,1,0
0,57,1,0,0,16,1,0
0,57,1,0,0,16,1,0
0,57,1,0,0,16,1,0
0,57,1,0,0,16,1,0
0,57,1,0,0,16,1,0
0,58,0,0,1,16,3,0
0,58,0,0,1,16,3,0
0,58,0,0,1,16,3,0
0,58,0,0,1,16,3,0
0,58,0,0,1,16,3,0
0,58,0,0,1,16,3,0
0,58,0,0,1,16,3,0
0,58,0,0,1,16,3,0
0,58,0,0,1,16,3,0
0,58,0,0,1,16,3,0
0,58,1,0,0,16,1,0
0,58,1,0,0,16,1,0
0,58,1,0,0,16,1,0
0,58,1,0,0,16,1,0
0,58,1,0,0,16,1,0
0,58,1,0,0,16,1,0
500,59,0,1,0,11,2,0.333333333
500,59,0,1,0,11,2,0.333333333
500,59,0,1,0,11,2,0.333333333
500,59,0,0,1,11,3,0.333333333
500,59,1,0,0,11,1,0.333333333
500,59,1,0,0,11,1,0.333333333
500,59,1,0,0,11,1,0.333333333
500,59,1,0,0,11,1,0.333333333
500,59,1,0,0,11,1,0.333333333
500,59,1,0,0,11,1,0.333333333
500,59,1,0,0,11,1,0.333333333
0,60,0,0,1,9,3,0
0,60,0,0,1,9,3,0
0,60,1,0,0,9,1,0
0,60,1,0,0,9,1,0
0,60,1,0,0,9,1,0
0,60,1,0,0,9,1,0
0,60,1,0,0,9,1,0
0,60,1,0,0,9,1,0
0,60,1,0,0,9,1,0
1000,61,0,1,0,10,2,0.666666667
1000,61,0,0,1,10,3,0.666666667
1000,61,0,0,1,10,3,0.666666667
1000,61,1,0,0,10,1,0.666666667
1000,61,1,0,0,10,1,0.666666667
1000,61,1,0,0,10,1,0.666666667
1000,61,1,0,0,10,1,0.666666667
1000,61,1,0,0,10,1,0.666666667
1000,61,1,0,0,10,1,0.666666667
1000,61,1,0,0,10,1,0.666666667
0,62,0,0,1,16,3,0
0,62,0,0,1,16,3,0
0,62,0,0,1,16,3,0
0,62,0,0,1,16,3,0
0,62,0,0,1,16,3,0
0,62,0,0,1,16,3,0
0,62,0,0,1,16,3,0
0,62,0,0,1,16,3,0
0,62,0,0,1,16,3,0
0,62,1,0,0,16,1,0
0,62,1,0,0,16,1,0
0,62,1,0,0,16,1,0
0,62,1,0,0,16,1,0
0,62,1,0,0,16,1,0
0,62,1,0,0,16,1,0
0,62,1,0,0,16,1,0
500,63,1,0,0,8,1,0.333333333
500,63,1,0,0,8,1,0.333333333
500,63,1,0,0,8,1,0.333333333
500,63,1,0,0,8,1,0.333333333
500,63,1,0,0,8,1,0.333333333
500,63,1,0,0,8,1,0.333333333
500,63,1,0,0,8,1,0.333333333
500,63,1,0,0,8,1,0.333333333
500,64,1,0,0,8,1,0.333333333
500,64,1,0,0,8,1,0.333333333
500,64,1,0,0,8,1,0.333333333
500,64,1,0,0,8,1,0.333333333
500,64,1,0,0,8,1,0.333333333
500,64,1,0,0,8,1,0.333333333
500,64,1,0,0,8,1,0.333333333
500,64,1,0,0,8,1,0.333333333
500,65,1,0,0,8,1,0.333333333
500,65,1,0,0,8,1,0.333333333
500,65,1,0,0,8,1,0.333333333
500,65,1,0,0,8,1,0.333333333
500,65,1,0,0,8,1,0.333333333
500,65,1,0,0,8,1,0.333333333
500,65,1,0,0,8,1,0.333333333
500,65,1,0,0,8,1,0.333333333
1000,66,0,1,0,14,2,0.666666667
1000,66,0,1,0,14,2,0.666666667
1000,66,0,1,0,14,2,0.666666667
1000,66,0,1,0,14,2,0.666666667
1000,66,0,0,1,14,3,0.666666667
1000,66,0,0,1,14,3,0.666666667
1000,66,1,0,0,14,1,0.666666667
1000,66,1,0,0,14,1,0.666666667
1000,66,1,0,0,14,1,0.666666667
1000,66,1,0,0,14,1,0.666666667
1000,66,1,0,0,14,1,0.666666667
1000,66,1,0,0,14,1,0.666666667
1000,66,1,0,0,14,1,0.666666667
1000,66,1,0,0,14,1,0.666666667
0,67,0,0,1,11,3,0
0,67,0,0,1,11,3,0
0,67,0,0,1,11,3,0
0,67,1,0,0,11,1,0
0,67,1,0,0,11,1,0
0,67,1,0,0,11,1,0
0,67,1,0,0,11,1,0
0,67,1,0,0,11,1,0
0,67,1,0,0,11,1,0
0,67,1,0,0,11,1,0
0,67,1,0,0,11,1,0
250,68,1,0,0,9,1,0.166666667
250,68,1,0,0,9,1,0.166666667
250,68,1,0,0,9,1,0.166666667
250,68,1,0,0,9,1,0.166666667
250,68,1,0,0,9,1,0.166666667
250,68,1,0,0,9,1,0.166666667
250,68,1,0,0,9,1,0.166666667
250,68,1,0,0,9,1,0.166666667
250,68,1,0,0,9,1,0.166666667
0,69,0,0,1,10,3,0
0,69,1,0,0,10,1,0
0,69,1,0,0,10,1,0
0,69,1,0,0,10,1,0
0,69,1,0,0,10,1,0
0,69,1,0,0,10,1,0
0,69,1,0,0,10,1,0
0,69,1,0,0,10,1,0
0,69,1,0,0,10,1,0
0,69,1,0,0,10,1,0
1000,70,0,1,0,11,2,0.666666667
1000,70,0,0,1,11,3,0.666666667
1000,70,1,0,0,11,1,0.666666667
1000,70,1,0,0,11,1,0.666666667
1000,70,1,0,0,11,1,0.666666667
1000,70,1,0,0,11,1,0.666666667
1000,70,1,0,0,11,1,0.666666667
1000,70,1,0,0,11,1,0.666666667
1000,70,1,0,0,11,1,0.666666667
1000,70,1,0,0,11,1,0.666666667
1000,70,1,0,0,11,1,0.666666667
1000,71,0,1,0,11,2,0.666666667
1000,71,0,0,1,11,3,0.666666667
1000,71,1,0,0,11,1,0.666666667
1000,71,1,0,0,11,1,0.666666667
1000,71,1,0,0,11,1,0.666666667
1000,71,1,0,0,11,1,0.666666667
1000,71,1,0,0,11,1,0.666666667
1000,71,1,0,0,11,1,0.666666667
1000,71,1,0,0,11,1,0.666666667
1000,71,1,0,0,11,1,0.666666667
1000,71,1,0,0,11,1,0.666666667
500,72,0,1,0,12,2,0.333333333
500,72,0,0,1,12,3,0.333333333
500,72,0,0,1,12,3,0.333333333
500,72,1,0,0,12,1,0.333333333
500,72,1,0,0,12,1,0.333333333
500,72,1,0,0,12,1,0.333333333
500,72,1,0,0,12,1,0.333333333
500,72,1,0,0,12,1,0.333333333
500,72,1,0,0,12,1,0.333333333
500,72,1,0,0,12,1,0.333333333
500,72,1,0,0,12,1,0.333333333
500,72,1,0,0,12,1,0.333333333
500,73,0,1,0,12,2,0.333333333
500,73,0,0,1,12,3,0.333333333
500,73,0,0,1,12,3,0.333333333
500,73,1,0,0,12,1,0.333333333
500,73,1,0,0,12,1,0.333333333
500,73,1,0,0,12,1,0.333333333
500,73,1,0,0,12,1,0.333333333
500,73,1,0,0,12,1,0.333333333
500,73,1,0,0,12,1,0.333333333
500,73,1,0,0,12,1,0.333333333
500,73,1,0,0,12,1,0.333333333
500,73,1,0,0,12,1,0.333333333
500,74,0,1,0,13,2,0.333333333
500,74,0,1,0,13,2,0.333333333
500,74,0,0,1,13,3,0.333333333
500,74,0,0,1,13,3,0.333333333
500,74,1,0,0,13,1,0.333333333
500,74,1,0,0,13,1,0.333333333
500,74,1,0,0,13,1,0.333333333
500,74,1,0,0,13,1,0.333333333
500,74,1,0,0,13,1,0.333333333
500,74,1,0,0,13,1,0.333333333
500,74,1,0,0,13,1,0.333333333
500,74,1,0,0,13,1,0.333333333
500,74,1,0,0,13,1,0.333333333
500,75,0,1,0,14,2,0.333333333
500,75,0,1,0,14,2,0.333333333
500,75,0,0,1,14,3,0.333333333
500,75,0,0,1,14,3,0.333333333
500,75,0,0,1,14,3,0.333333333
500,75,1,0,0,14,1,0.333333333
500,75,1,0,0,14,1,0.333333333
500,75,1,0,0,14,1,0.333333333
500,75,1,0,0,14,1,0.333333333
500,75,1,0,0,14,1,0.333333333
500,75,1,0,0,14,1,0.333333333
500,75,1,0,0,14,1,0.333333333
500,75,1,0,0,14,1,0.333333333
500,75,1,0,0,14,1,0.333333333
500,76,0,1,0,14,2,0.333333333
500,76,0,1,0,14,2,0.333333333
500,76,0,0,1,14,3,0.333333333
500,76,0,0,1,14,3,0.333333333
500,76,0,0,1,14,3,0.333333333
500,76,1,0,0,14,1,0.333333333
500,76,1,0,0,14,1,0.333333333
500,76,1,0,0,14,1,0.333333333
500,76,1,0,0,14,1,0.333333333
500,76,1,0,0,14,1,0.333333333
500,76,1,0,0,14,1,0.333333333
500,76,1,0,0,14,1,0.333333333
500,76,1,0,0,14,1,0.333333333
500,76,1,0,0,14,1,0.333333333
0,77,0,1,0,12,2,0
0,77,0,1,0,12,2,0
0,77,1,0,0,12,1,0
0,77,1,0,0,12,1,0
0,77,1,0,0,12,1,0
0,77,1,0,0,12,1,0
0,77,1,0,0,12,1,0
0,77,1,0,0,12,1,0
0,77,1,0,0,12,1,0
0,77,1,0,0,12,1,0
0,77,1,0,0,12,1,0
0,77,1,0,0,12,1,0
0,78,0,1,0,12,2,0
0,78,0,1,0,12,2,0
0,78,1,0,0,12,1,0
0,78,1,0,0,12,1,0
0,78,1,0,0,12,1,0
0,78,1,0,0,12,1,0
0,78,1,0,0,12,1,0
0,78,1,0,0,12,1,0
0,78,1,0,0,12,1,0
0,78,1,0,0,12,1,0
0,78,1,0,0,12,1,0
0,78,1,0,0,12,1,0
500,79,0,1,0,12,2,0.333333333
500,79,0,1,0,12,2,0.333333333
500,79,1,0,0,12,1,0.333333333
500,79,1,0,0,12,1,0.333333333
500,79,1,0,0,12,1,0.333333333
500,79,1,0,0,12,1,0.333333333
500,79,1,0,0,12,1,0.333333333
500,79,1,0,0,12,1,0.333333333
500,79,1,0,0,12,1,0.333333333
500,79,1,0,0,12,1,0.333333333
500,79,1,0,0,12,1,0.333333333
500,79,1,0,0,12,1,0.333333333
0,80,0,1,0,13,2,0
0,80,0,1,0,13,2,0
0,80,0,1,0,13,2,0
0,80,1,0,0,13,1,0
0,80,1,0,0,13,1,0
0,80,1,0,0,13,1,0
0,80,1,0,0,13,1,0
0,80,1,0,0,13,1,0
0,80,1,0,0,13,1,0
0,80,1,0,0,13,1,0
0,80,1,0,0,13,1,0
0,80,1,0,0,13,1,0
0,80,1,0,0,13,1,0
0,81,0,1,0,13,2,0
0,81,0,1,0,13,2,0
0,81,0,1,0,13,2,0
0,81,1,0,0,13,1,0
0,81,1,0,0,13,1,0
0,81,1,0,0,13,1,0
0,81,1,0,0,13,1,0
0,81,1,0,0,13,1,0
0,81,1,0,0,13,1,0
0,81,1,0,0,13,1,0
0,81,1,0,0,13,1,0
0,81,1,0,0,13,1,0
0,81,1,0,0,13,1,0
500,82,0,0,1,11,3,0.333333333
500,82,1,0,0,11,1,0.333333333
500,82,1,0,0,11,1,0.333333333
500,82,1,0,0,11,1,0.333333333
500,82,1,0,0,11,1,0.333333333
500,82,1,0,0,11,1,0.333333333
500,82,1,0,0,11,1,0.333333333
500,82,1,0,0,11,1,0.333333333
500,82,1,0,0,11,1,0.333333333
500,82,1,0,0,11,1,0.333333333
500,82,1,0,0,11,1,0.333333333
500,83,0,0,1,11,3,0.333333333
500,83,1,0,0,11,1,0.333333333
500,83,1,0,0,11,1,0.333333333
500,83,1,0,0,11,1,0.333333333
500,83,1,0,0,11,1,0.333333333
500,83,1,0,0,11,1,0.333333333
500,83,1,0,0,11,1,0.333333333
500,83,1,0,0,11,1,0.333333333
500,83,1,0,0,11,1,0.333333333
500,83,1,0,0,11,1,0.333333333
500,83,1,0,0,11,1,0.333333333
250,84,0,1,0,12,2,0.166666667
250,84,0,0,1,12,3,0.166666667
250,84,1,0,0,12,1,0.166666667
250,84,1,0,0,12,1,0.166666667
250,84,1,0,0,12,1,0.166666667
250,84,1,0,0,12,1,0.166666667
250,84,1,0,0,12,1,0.166666667
250,84,1,0,0,12,1,0.166666667
250,84,1,0,0,12,1,0.166666667
250,84,1,0,0,12,1,0.166666667
250,84,1,0,0,12,1,0.166666667
250,84,1,0,0,12,1,0.166666667
250,85,0,1,0,12,2,0.166666667
250,85,0,0,1,12,3,0.166666667
250,85,1,0,0,12,1,0.166666667
250,85,1,0,0,12,1,0.166666667
250,85,1,0,0,12,1,0.166666667
250,85,1,0,0,12,1,0.166666667
250,85,1,0,0,12,1,0.166666667
250,85,1,0,0,12,1,0.166666667
250,85,1,0,0,12,1,0.166666667
250,85,1,0,0,12,1,0.166666667
250,85,1,0,0,12,1,0.166666667
250,85,1,0,0,12,1,0.166666667
250,86,0,1,0,13,2,0.166666667
250,86,0,0,1,13,3,0.166666667
250,86,0,0,1,13,3,0.166666667
250,86,1,0,0,13,1,0.166666667
250,86,1,0,0,13,1,0.166666667
250,86,1,0,0,13,1,0.166666667
250,86,1,0,0,13,1,0.166666667
250,86,1,0,0,13,1,0.166666667
250,86,1,0,0,13,1,0.166666667
250,86,1,0,0,13,1,0.166666667
250,86,1,0,0,13,1,0.166666667
250,86,1,0,0,13,1,0.166666667
250,86,1,0,0,13,1,0.166666667
250,87,1,0,0,11,1,0.166666667
250,87,1,0,0,11,1,0.166666667
250,87,1,0,0,11,1,0.166666667
250,87,1,0,0,11,1,0.166666667
250,87,1,0,0,11,1,0.166666667
250,87,1,0,0,11,1,0.166666667
250,87,1,0,0,11,1,0.166666667
250,87,1,0,0,11,1,0.166666667
250,87,1,0,0,11,1,0.166666667
250,87,1,0,0,11,1,0.166666667
250,87,1,0,0,11,1,0.166666667
250,88,1,0,0,11,1,0.166666667
250,88,1,0,0,11,1,0.166666667
250,88,1,0,0,11,1,0.166666667
250,88,1,0,0,11,1,0.166666667
250,88,1,0,0,11,1,0.166666667
250,88,1,0,0,11,1,0.166666667
250,88,1,0,0,11,1,0.166666667
250,88,1,0,0,11,1,0.166666667
250,88,1,0,0,11,1,0.166666667
250,88,1,0,0,11,1,0.166666667
250,88,1,0,0,11,1,0.166666667
250,89,1,0,0,11,1,0.166666667
250,89,1,0,0,11,1,0.166666667
250,89,1,0,0,11,1,0.166666667
250,89,1,0,0,11,1,0.166666667
250,89,1,0,0,11,1,0.166666667
250,89,1,0,0,11,1,0.166666667
250,89,1,0,0,11,1,0.166666667
250,89,1,0,0,11,1,0.166666667
250,89,1,0,0,11,1,0.166666667
250,89,1,0,0,11,1,0.166666667
250,89,1,0,0,11,1,0.166666667
250,90,0,0,1,12,3,0.166666667
250,90,1,0,0,12,1,0.166666667
250,90,1,0,0,12,1,0.166666667
250,90,1,0,0,12,1,0.166666667
250,90,1,0,0,12,1,0.166666667
250,90,1,0,0,12,1,0.166666667
250,90,1,0,0,12,1,0.166666667
250,90,1,0,0,12,1,0.166666667
250,90,1,0,0,12,1,0.166666667
250,90,1,0,0,12,1,0.166666667
250,90,1,0,0,12,1,0.166666667
250,90,1,0,0,12,1,0.166666667
250,91,0,0,1,12,3,0.166666667
250,91,1,0,0,12,1,0.166666667
250,91,1,0,0,12,1,0.166666667
250,91,1,0,0,12,1,0.166666667
250,91,1,0,0,12,1,0.166666667
250,91,1,0,0,12,1,0.166666667
250,91,1,0,0,12,1,0.166666667
250,91,1,0,0,12,1,0.166666667
250,91,1,0,0,12,1,0.166666667
250,91,1,0,0,12,1,0.166666667
250,91,1,0,0,12,1,0.166666667
250,91,1,0,0,12,1,0.166666667
250,92,0,0,1,12,3,0.166666667
250,92,1,0,0,12,1,0.166666667
250,92,1,0,0,12,1,0.166666667
250,92,1,0,0,12,1,0.166666667
250,92,1,0,0,12,1,0.166666667
250,92,1,0,0,12,1,0.166666667
250,92,1,0,0,12,1,0.166666667
250,92,1,0,0,12,1,0.166666667
250,92,1,0,0,12,1,0.166666667
250,92,1,0,0,12,1,0.166666667
250,92,1,0,0,12,1,0.166666667
250,92,1,0,0,12,1,0.166666667
250,93,0,0,1,12,3,0.166666667
250,93,1,0,0,12,1,0.166666667
250,93,1,0,0,12,1,0.166666667
250,93,1,0,0,12,1,0.166666667
250,93,1,0,0,12,1,0.166666667
250,93,1,0,0,12,1,0.166666667
250,93,1,0,0,12,1,0.166666667
250,93,1,0,0,12,1,0.166666667
250,93,1,0,0,12,1,0.166666667
250,93,1,0,0,12,1,0.166666667
250,93,1,0,0,12,1,0.166666667
250,93,1,0,0,12,1,0.166666667
250,94,0,0,1,12,3,0.166666667
250,94,1,0,0,12,1,0.166666667
250,94,1,0,0,12,1,0.166666667
250,94,1,0,0,12,1,0.166666667
250,94,1,0,0,12,1,0.166666667
250,94,1,0,0,12,1,0.166666667
250,94,1,0,0,12,1,0.166666667
250,94,1,0,0,12,1,0.166666667
250,94,1,0,0,12,1,0.166666667
250,94,1,0,0,12,1,0.166666667
250,94,1,0,0,12,1,0.166666667
250,94,1,0,0,12,1,0.166666667
0,95,0,1,0,13,2,0
0,95,0,0,1,13,3,0
0,95,1,0,0,13,1,0
0,95,1,0,0,13,1,0
0,95,1,0,0,13,1,0
0,95,1,0,0,13,1,0
0,95,1,0,0,13,1,0
0,95,1,0,0,13,1,0
0,95,1,0,0,13,1,0
0,95,1,0,0,13,1,0
0,95,1,0,0,13,1,0
0,95,1,0,0,13,1,0
0,95,1,0,0,13,1,0
0,96,0,1,0,14,2,0
0,96,0,0,1,14,3,0
0,96,0,0,1,14,3,0
0,96,1,0,0,14,1,0
0,96,1,0,0,14,1,0
0,96,1,0,0,14,1,0
0,96,1,0,0,14,1,0
0,96,1,0,0,14,1,0
0,96,1,0,0,14,1,0
0,96,1,0,0,14,1,0
0,96,1,0,0,14,1,0
0,96,1,0,0,14,1,0
0,96,1,0,0,14,1,0
0,96,1,0,0,14,1,0
0,97,0,1,0,14,2,0
0,97,0,0,1,14,3,0
0,97,0,0,1,14,3,0
0,97,1,0,0,14,1,0
0,97,1,0,0,14,1,0
0,97,1,0,0,14,1,0
0,97,1,0,0,14,1,0
0,97,1,0,0,14,1,0
0,97,1,0,0,14,1,0
0,97,1,0,0,14,1,0
0,97,1,0,0,14,1,0
0,97,1,0,0,14,1,0
0,97,1,0,0,14,1,0
0,97,1,0,0,14,1,0
250,98,0,0,1,15,3,0.166666667
250,98,0,0,1,15,3,0.166666667
250,98,0,0,1,15,3,0.166666667
250,98,0,0,1,15,3,0.166666667
250,98,1,0,0,15,1,0.166666667
250,98,1,0,0,15,1,0.166666667
250,98,1,0,0,15,1,0.166666667
250,98,1,0,0,15,1,0.166666667
250,98,1,0,0,15,1,0.166666667
250,98,1,0,0,15,1,0.166666667
250,98,1,0,0,15,1,0.166666667
250,98,1,0,0,15,1,0.166666667
250,98,1,0,0,15,1,0.166666667
250,98,1,0,0,15,1,0.166666667
250,98,1,0,0,15,1,0.166666667
250,99,0,0,1,15,3,0.166666667
250,99,0,0,1,15,3,0.166666667
250,99,0,0,1,15,3,0.166666667
250,99,0,0,1,15,3,0.166666667
250,99,1,0,0,15,1,0.166666667
250,99,1,0,0,15,1,0.166666667
250,99,1,0,0,15,1,0.166666667
250,99,1,0,0,15,1,0.166666667
250,99,1,0,0,15,1,0.166666667
250,99,1,0,0,15,1,0.166666667
250,99,1,0,0,15,1,0.166666667
250,99,1,0,0,15,1,0.166666667
250,99,1,0,0,15,1,0.166666667
250,99,1,0,0,15,1,0.166666667
250,99,1,0,0,15,1,0.166666667
250,100,0,0,1,15,3,0.166666667
250,100,0,0,1,15,3,0.166666667
250,100,0,0,1,15,3,0.166666667
250,100,0,0,1,15,3,0.166666667
250,100,1,0,0,15,1,0.166666667
250,100,1,0,0,15,1,0.166666667
250,100,1,0,0,15,1,0.166666667
250,100,1,0,0,15,1,0.166666667
250,100,1,0,0,15,1,0.166666667
250,100,1,0,0,15,1,0.166666667
250,100,1,0,0,15,1,0.166666667
250,100,1,0,0,15,1,0.166666667
250,100,1,0,0,15,1,0.166666667
250,100,1,0,0,15,1,0.166666667
250,100,1,0,0,15,1,0.166666667
0,101,1,0,0,12,1,0
0,101,1,0,0,12,1,0
0,101,1,0,0,12,1,0
0,101,1,0,0,12,1,0
0,101,1,0,0,12,1,0
0,101,1,0,0,12,1,0
0,101,1,0,0,12,1,0
0,101,1,0,0,12,1,0
0,101,1,0,0,12,1,0
0,101,1,0,0,12,1,0
0,101,1,0,0,12,1,0
0,101,1,0,0,12,1,0
0,102,1,0,0,12,1,0
0,102,1,0,0,12,1,0
0,102,1,0,0,12,1,0
0,102,1,0,0,12,1,0
0,102,1,0,0,12,1,0
0,102,1,0,0,12,1,0
0,102,1,0,0,12,1,0
0,102,1,0,0,12,1,0
0,102,1,0,0,12,1,0
0,102,1,0,0,12,1,0
0,102,1,0,0,12,1,0
0,102,1,0,0,12,1,0
0,103,1,0,0,12,1,0
0,103,1,0,0,12,1,0
0,103,1,0,0,12,1,0
0,103,1,0,0,12,1,0
0,103,1,0,0,12,1,0
0,103,1,0,0,12,1,0
0,103,1,0,0,12,1,0
0,103,1,0,0,12,1,0
0,103,1,0,0,12,1,0
0,103,1,0,0,12,1,0
0,103,1,0,0,12,1,0
0,103,1,0,0,12,1,0
500,104,1,0,0,12,1,0.333333333
500,104,1,0,0,12,1,0.333333333
500,104,1,0,0,12,1,0.333333333
500,104,1,0,0,12,1,0.333333333
500,104,1,0,0,12,1,0.333333333
500,104,1,0,0,12,1,0.333333333
500,104,1,0,0,12,1,0.333333333
500,104,1,0,0,12,1,0.333333333
500,104,1,0,0,12,1,0.333333333
500,104,1,0,0,12,1,0.333333333
500,104,1,0,0,12,1,0.333333333
500,104,1,0,0,12,1,0.333333333
500,105,1,0,0,12,1,0.333333333
500,105,1,0,0,12,1,0.333333333
500,105,1,0,0,12,1,0.333333333
500,105,1,0,0,12,1,0.333333333
500,105,1,0,0,12,1,0.333333333
500,105,1,0,0,12,1,0.333333333
500,105,1,0,0,12,1,0.333333333
500,105,1,0,0,12,1,0.333333333
500,105,1,0,0,12,1,0.333333333
500,105,1,0,0,12,1,0.333333333
500,105,1,0,0,12,1,0.333333333
500,105,1,0,0,12,1,0.333333333
500,106,1,0,0,12,1,0.333333333
500,106,1,0,0,12,1,0.333333333
500,106,1,0,0,12,1,0.333333333
500,106,1,0,0,12,1,0.333333333
500,106,1,0,0,12,1,0.333333333
500,106,1,0,0,12,1,0.333333333
500,106,1,0,0,12,1,0.333333333
500,106,1,0,0,12,1,0.333333333
500,106,1,0,0,12,1,0.333333333
500,106,1,0,0,12,1,0.333333333
500,106,1,0,0,12,1,0.333333333
500,106,1,0,0,12,1,0.333333333
250,107,0,0,1,13,3,0.166666667
250,107,1,0,0,13,1,0.166666667
250,107,1,0,0,13,1,0.166666667
250,107,1,0,0,13,1,0.166666667
250,107,1,0,0,13,1,0.166666667
250,107,1,0,0,13,1,0.166666667
250,107,1,0,0,13,1,0.166666667
250,107,1,0,0,13,1,0.166666667
250,107,1,0,0,13,1,0.166666667
250,107,1,0,0,13,1,0.166666667
250,107,1,0,0,13,1,0.166666667
250,107,1,0,0,13,1,0.166666667
250,107,1,0,0,13,1,0.166666667
250,108,0,0,1,13,3,0.166666667
250,108,1,0,0,13,1,0.166666667
250,108,1,0,0,13,1,0.166666667
250,108,1,0,0,13,1,0.166666667
250,108,1,0,0,13,1,0.166666667
250,108,1,0,0,13,1,0.166666667
250,108,1,0,0,13,1,0.166666667
250,108,1,0,0,13,1,0.166666667
250,108,1,0,0,13,1,0.166666667
250,108,1,0,0,13,1,0.166666667
250,108,1,0,0,13,1,0.166666667
250,108,1,0,0,13,1,0.166666667
250,108,1,0,0,13,1,0.166666667
500,109,0,0,1,14,3,0.333333333
500,109,0,0,1,14,3,0.333333333
500,109,1,0,0,14,1,0.333333333
500,109,1,0,0,14,1,0.333333333
500,109,1,0,0,14,1,0.333333333
500,109,1,0,0,14,1,0.333333333
500,109,1,0,0,14,1,0.333333333
500,109,1,0,0,14,1,0.333333333
500,109,1,0,0,14,1,0.333333333
500,109,1,0,0,14,1,0.333333333
500,109,1,0,0,14,1,0.333333333
500,109,1,0,0,14,1,0.333333333
500,109,1,0,0,14,1,0.333333333
500,109,1,0,0,14,1,0.333333333
1000,110,0,0,1,14,3,0.666666667
1000,110,0,0,1,14,3,0.666666667
1000,110,1,0,0,14,1,0.666666667
1000,110,1,0,0,14,1,0.666666667
1000,110,1,0,0,14,1,0.666666667
1000,110,1,0,0,14,1,0.666666667
1000,110,1,0,0,14,1,0.666666667
1000,110,1,0,0,14,1,0.666666667
1000,110,1,0,0,14,1,0.666666667
1000,110,1,0,0,14,1,0.666666667
1000,110,1,0,0,14,1,0.666666667
1000,110,1,0,0,14,1,0.666666667
1000,110,1,0,0,14,1,0.666666667
1000,110,1,0,0,14,1,0.666666667
250,111,1,0,0,13,1,0.166666667
250,111,1,0,0,13,1,0.166666667
250,111,1,0,0,13,1,0.166666667
250,111,1,0,0,13,1,0.166666667
250,111,1,0,0,13,1,0.166666667
250,111,1,0,0,13,1,0.166666667
250,111,1,0,0,13,1,0.166666667
250,111,1,0,0,13,1,0.166666667
250,111,1,0,0,13,1,0.166666667
250,111,1,0,0,13,1,0.166666667
250,111,1,0,0,13,1,0.166666667
250,111,1,0,0,13,1,0.166666667
250,111,1,0,0,13,1,0.166666667
250,112,1,0,0,13,1,0.166666667
250,112,1,0,0,13,1,0.166666667
250,112,1,0,0,13,1,0.166666667
250,112,1,0,0,13,1,0.166666667
250,112,1,0,0,13,1,0.166666667
250,112,1,0,0,13,1,0.166666667
250,112,1,0,0,13,1,0.166666667
250,112,1,0,0,13,1,0.166666667
250,112,1,0,0,13,1,0.166666667
250,112,1,0,0,13,1,0.166666667
250,112,1,0,0,13,1,0.166666667
250,112,1,0,0,13,1,0.166666667
250,112,1,0,0,13,1,0.166666667
250,113,1,0,0,13,1,0.166666667
250,113,1,0,0,13,1,0.166666667
250,113,1,0,0,13,1,0.166666667
250,113,1,0,0,13,1,0.166666667
250,113,1,0,0,13,1,0.166666667
250,113,1,0,0,13,1,0.166666667
250,113,1,0,0,13,1,0.166666667
250,113,1,0,0,13,1,0.166666667
250,113,1,0,0,13,1,0.166666667
250,113,1,0,0,13,1,0.166666667
250,113,1,0,0,13,1,0.166666667
250,113,1,0,0,13,1,0.166666667
250,113,1,0,0,13,1,0.166666667
250,114,1,0,0,13,1,0.166666667
250,114,1,0,0,13,1,0.166666667
250,114,1,0,0,13,1,0.166666667
250,114,1,0,0,13,1,0.166666667
250,114,1,0,0,13,1,0.166666667
250,114,1,0,0,13,1,0.166666667
250,114,1,0,0,13,1,0.166666667
250,114,1,0,0,13,1,0.166666667
250,114,1,0,0,13,1,0.166666667
250,114,1,0,0,13,1,0.166666667
250,114,1,0,0,13,1,0.166666667
250,114,1,0,0,13,1,0.166666667
250,114,1,0,0,13,1,0.166666667
250,115,0,0,1,14,3,0.166666667
250,115,1,0,0,14,1,0.166666667
250,115,1,0,0,14,1,0.166666667
250,115,1,0,0,14,1,0.166666667
250,115,1,0,0,14,1,0.166666667
250,115,1,0,0,14,1,0.166666667
250,115,1,0,0,14,1,0.166666667
250,115,1,0,0,14,1,0.166666667
250,115,1,0,0,14,1,0.166666667
250,115,1,0,0,14,1,0.166666667
250,115,1,0,0,14,1,0.166666667
250,115,1,0,0,14,1,0.166666667
250,115,1,0,0,14,1,0.166666667
250,115,1,0,0,14,1,0.166666667
500,116,0,1,0,15,2,0.333333333
500,116,0,0,1,15,3,0.333333333
500,116,1,0,0,15,1,0.333333333
500,116,1,0,0,15,1,0.333333333
500,116,1,0,0,15,1,0.333333333
500,116,1,0,0,15,1,0.333333333
500,116,1,0,0,15,1,0.333333333
500,116,1,0,0,15,1,0.333333333
500,116,1,0,0,15,1,0.333333333
500,116,1,0,0,15,1,0.333333333
500,116,1,0,0,15,1,0.333333333
500,116,1,0,0,15,1,0.333333333
500,116,1,0,0,15,1,0.333333333
500,116,1,0,0,15,1,0.333333333
500,116,1,0,0,15,1,0.333333333
0,117,1,0,0,14,1,0
0,117,1,0,0,14,1,0
0,117,1,0,0,14,1,0
0,117,1,0,0,14,1,0
0,117,1,0,0,14,1,0
0,117,1,0,0,14,1,0
0,117,1,0,0,14,1,0
0,117,1,0,0,14,1,0
0,117,1,0,0,14,1,0
0,117,1,0,0,14,1,0
0,117,1,0,0,14,1,0
0,117,1,0,0,14,1,0
0,117,1,0,0,14,1,0
0,117,1,0,0,14,1,0
500,118,1,0,0,14,1,0.333333333
500,118,1,0,0,14,1,0.333333333
500,118,1,0,0,14,1,0.333333333
500,118,1,0,0,14,1,0.333333333
500,118,1,0,0,14,1,0.333333333
500,118,1,0,0,14,1,0.333333333
500,118,1,0,0,14,1,0.333333333
500,118,1,0,0,14,1,0.333333333
500,118,1,0,0,14,1,0.333333333
500,118,1,0,0,14,1,0.333333333
500,118,1,0,0,14,1,0.333333333
500,118,1,0,0,14,1,0.333333333
500,118,1,0,0,14,1,0.333333333
500,118,1,0,0,14,1,0.333333333
250,119,0,0,1,15,3,0.166666667
250,119,1,0,0,15,1,0.166666667
250,119,1,0,0,15,1,0.166666667
250,119,1,0,0,15,1,0.166666667
250,119,1,0,0,15,1,0.166666667
250,119,1,0,0,15,1,0.166666667
250,119,1,0,0,15,1,0.166666667
250,119,1,0,0,15,1,0.166666667
250,119,1,0,0,15,1,0.166666667
250,119,1,0,0,15,1,0.166666667
250,119,1,0,0,15,1,0.166666667
250,119,1,0,0,15,1,0.166666667
250,119,1,0,0,15,1,0.166666667
250,119,1,0,0,15,1,0.166666667
250,119,1,0,0,15,1,0.166666667
250,120,0,1,0,16,2,0.166666667
250,120,0,0,1,16,3,0.166666667
250,120,1,0,0,16,1,0.166666667
250,120,1,0,0,16,1,0.166666667
250,120,1,0,0,16,1,0.166666667
250,120,1,0,0,16,1,0.166666667
250,120,1,0,0,16,1,0.166666667
250,120,1,0,0,16,1,0.166666667
250,120,1,0,0,16,1,0.166666667
250,120,1,0,0,16,1,0.166666667
250,120,1,0,0,16,1,0.166666667
250,120,1,0,0,16,1,0.166666667
250,120,1,0,0,16,1,0.166666667
250,120,1,0,0,16,1,0.166666667
250,120,1,0,0,16,1,0.166666667
250,120,1,0,0,16,1,0.166666667
250,121,0,1,0,16,2,0.166666667
250,121,0,0,1,16,3,0.166666667
250,121,1,0,0,16,1,0.166666667
250,121,1,0,0,16,1,0.166666667
250,121,1,0,0,16,1,0.166666667
250,121,1,0,0,16,1,0.166666667
250,121,1,0,0,16,1,0.166666667
250,121,1,0,0,16,1,0.166666667
250,121,1,0,0,16,1,0.166666667
250,121,1,0,0,16,1,0.166666667
250,121,1,0,0,16,1,0.166666667
250,121,1,0,0,16,1,0.166666667
250,121,1,0,0,16,1,0.166666667
250,121,1,0,0,16,1,0.166666667
250,121,1,0,0,16,1,0.166666667
250,121,1,0,0,16,1,0.166666667
250,122,0,1,0,16,2,0.166666667
250,122,0,0,1,16,3,0.166666667
250,122,1,0,0,16,1,0.166666667
250,122,1,0,0,16,1,0.166666667
250,122,1,0,0,16,1,0.166666667
250,122,1,0,0,16,1,0.166666667
250,122,1,0,0,16,1,0.166666667
250,122,1,0,0,16,1,0.166666667
250,122,1,0,0,16,1,0.166666667
250,122,1,0,0,16,1,0.166666667
250,122,1,0,0,16,1,0.166666667
250,122,1,0,0,16,1,0.166666667
250,122,1,0,0,16,1,0.166666667
250,122,1,0,0,16,1,0.166666667
250,122,1,0,0,16,1,0.166666667
250,122,1,0,0,16,1,0.166666667
250,123,0,1,0,16,2,0.166666667
250,123,0,0,1,16,3,0.166666667
250,123,1,0,0,16,1,0.166666667
250,123,1,0,0,16,1,0.166666667
250,123,1,0,0,16,1,0.166666667
250,123,1,0,0,16,1,0.166666667
250,123,1,0,0,16,1,0.166666667
250,123,1,0,0,16,1,0.166666667
250,123,1,0,0,16,1,0.166666667
250,123,1,0,0,16,1,0.166666667
250,123,1,0,0,16,1,0.166666667
250,123,1,0,0,16,1,0.166666667
250,123,1,0,0,16,1,0.166666667
250,123,1,0,0,16,1,0.166666667
250,123,1,0,0,16,1,0.166666667
250,123,1,0,0,16,1,0.166666667
0,124,1,0,0,15,1,0
0,124,1,0,0,15,1,0
0,124,1,0,0,15,1,0
0,124,1,0,0,15,1,0
0,124,1,0,0,15,1,0
0,124,1,0,0,15,1,0
0,124,1,0,0,15,1,0
0,124,1,0,0,15,1,0
0,124,1,0,0,15,1,0
0,124,1,0,0,15,1,0
0,124,1,0,0,15,1,0
0,124,1,0,0,15,1,0
0,124,1,0,0,15,1,0
0,124,1,0,0,15,1,0
0,124,1,0,0,15,1,0
0,125,1,0,0,16,1,0
0,125,1,0,0,16,1,0
0,125,1,0,0,16,1,0
0,125,1,0,0,16,1,0
0,125,1,0,0,16,1,0
0,125,1,0,0,16,1,0
0,125,1,0,0,16,1,0
0,125,1,0,0,16,1,0
0,125,1,0,0,16,1,0
0,125,1,0,0,16,1,0
0,125,1,0,0,16,1,0
0,125,1,0,0,16,1,0
0,125,1,0,0,16,1,0
0,125,1,0,0,16,1,0
0,125,1,0,0,16,1,0
0,125,1,0,0,16,1,0
